耐力魔镜耳环,5,饰品,16~26
牛头人项链,5,饰品,14~20
誓约魔镜耳环,5,饰品,16~26
富饶魔镜项链,5,饰品,16~26
殉道魔镜项链,5,饰品,18~26
大地项链,5,饰品,28~30
红玉魔镜指环,5,饰品,16-26
冰雪女王指环,5,饰品,25~28
崇拜魔镜耳环,5,饰品,16~26
贵族魔镜耳环,5,饰品,16~26
疯狂熊猫胸针,5,饰品,24~30
信念指环,4,饰品,26~28
黑王冠指环,4,饰品,27~29
纯情胸针,4,饰品,17~18
诅咒项链,4,饰品,18~19
黑暗魔戒,4,饰品,24~26
荣誉指环,4,饰品,27~29
海洋耳环,4,饰品,26~28
紫水晶耳环,3,饰品,23~25
要塞指环,3,饰品,27~29
兔足项链,3,饰品,19~21
贪婪耳环,3,饰品,24~26
祝福项链,3,饰品,26~28
女神雕像,3,饰品,20~22
天使项链,3,饰品,25~27
树精灵指环,3,饰品,20~22
月牙耳环,3,饰品,20~22
贪念指环,3,饰品,24~26
黄金怀表,3,饰品,25~27
黑暗欲望耳环,3,饰品,24~26
炽热指环,3,饰品,18~20
大地婚戒,3,饰品,25~27
恶狼指环,3,饰品,25~27
神圣默珠,3,饰品,25~27
神枪手耳环,3,饰品,18~20
霜花指环,3,饰品,18~20
珍珠耳环,3,饰品,24~26
魔法项链,2,饰品,16~17
古神指环,2,饰品,20~21
雇佣兵团胸针,2,饰品,14~15
渴望项链,2,饰品,19~21
沙漠土匪耳环,2,饰品,10~11
哥布林部落图腾,1,饰品,12~13
珍珠指环,1,饰品,12~13
翡翠指环,1,饰品,16~17
黄金指环,1,饰品,14~14
珍珠项链,1,饰品,13-14
黑曜石项链,1,饰品,16~17
铃铛项链,1,饰品,15~16
